{"cameraMode":{"drawMode":0,"name":"Shaded","section":"Shading Mode"},"sceneLighting":true,"audioPlay":false,"sceneViewState":{"m_AlwaysRefresh":false,"showFog":true,"showSkybox":true,"showFlares":true,"showImageEffects":true,"showParticleSystems":true,"showVisualEffectGraphs":true,"m_FxEnabled":true},"in2DMode":false,"pivot":{"x":3.5062012672424318,"y":-0.16861915588378907,"z":-15.055453300476075},"rotation":{"x":0.15822607278823853,"y":0.839853048324585,"z":-0.3353084623813629,"w":0.3964235782623291},"size":3.4360928535461427,"orthographic":false}