{"cameraMode":{"drawMode":0,"name":"Shaded","section":"Shading Mode"},"sceneLighting":true,"audioPlay":false,"sceneViewState":{"m_AlwaysRefresh":false,"showFog":true,"showSkybox":false,"showFlares":true,"showImageEffects":true,"showParticleSystems":true,"showVisualEffectGraphs":true,"m_FxEnabled":true},"in2DMode":false,"pivot":{"x":-10.975459098815918,"y":0.8455934524536133,"z":0.42200756072998049},"rotation":{"x":0.013792872428894043,"y":-0.521510899066925,"z":-0.008422677405178547,"w":-0.8530722260475159},"size":19.398969650268556,"orthographic":false}