{"cameraMode":{"drawMode":0,"name":"Shaded","section":"Shading Mode"},"sceneLighting":true,"audioPlay":false,"sceneViewState":{"m_AlwaysRefresh":false,"showFog":true,"showSkybox":true,"showFlares":true,"showImageEffects":true,"showParticleSystems":true,"showVisualEffectGraphs":true,"m_FxEnabled":true},"in2DMode":false,"pivot":{"x":17.201953887939454,"y":-6.394289970397949,"z":-21.036775588989259},"rotation":{"x":0.04543379321694374,"y":0.9533465504646301,"z":-0.2336004376411438,"w":0.18556341528892518},"size":17.472274780273439,"orthographic":false}