{"cameraMode":{"drawMode":0,"name":"Shaded","section":"Shading Mode"},"sceneLighting":false,"audioPlay":false,"sceneViewState":{"m_AlwaysRefresh":false,"showFog":true,"showSkybox":false,"showFlares":true,"showImageEffects":true,"showParticleSystems":true,"showVisualEffectGraphs":true,"m_FxEnabled":true},"in2DMode":false,"pivot":{"x":10.777000427246094,"y":10.782999992370606,"z":3.1519999504089357},"rotation":{"x":0.36362648010253909,"y":0.2722146511077881,"z":-0.11204124987125397,"w":0.8837947249412537},"size":1.6360934972763062,"orthographic":false}